id_municipio,grupo,alvo_alfabetizado
1100098,4,0.6964285714285714
1100130,2,0.654320987654321
1100189,4,0.8177966101694916
1100254,5,0.6831683168316832
1100288,4,0.7444279346210996
1100338,2,0.45792079207920794
1100403,5,0.6023391812865497
1100601,5,0.7941176470588235
1100924,4,0.7337662337662337
1101203,5,0.6951219512195121
1101476,5,0.576271186440678
1101484,5,0.7735849056603774
1101492,2,0.6325757575757576
1101559,5,0.660377358490566
1101807,5,0.4358974358974359
1200336,1,0.386046511627907
1200344,1,0.43386243386243384
1200351,1,0.625
1200393,1,0.40229885057471265
1200435,1,0.15517241379310345
1200450,2,0.4857142857142857
1200500,1,0.6556016597510373
1300060,1,0.6477272727272727
1300201,1,0.8414634146341463
1300300,1,0.4151624548736462
1300631,1,0.7797356828193832
1300839,1,0.3089430894308943
1301001,1,0.5941176470588235
1301209,1,0.40772532188841204
1301407,1,0.43373493975903615
1301506,1,0.45726495726495725
1301704,1,0.5787401574803149
1301803,1,0.6451612903225806
1301902,1,0.5034843205574913
1302207,1,0.5109489051094891
1302306,1,0.36666666666666664
1302504,1,0.403125
1303502,1,0.4927536231884058
1303536,2,0.3377777777777778
1303569,1,0.46629213483146065
1304237,1,0.30405405405405406
1304302,1,0.75
1304401,1,0.44357976653696496
1500701,1,0.3421828908554572
1501006,1,0.6415094339622641
1501105,1,0.5362318840579711
1501204,1,0.39080459770114945
1501576,1,0.5280898876404494
1502103,1,0.39526730937773885
1502152,4,0.6533523537803139
1502756,1,0.544
1502772,1,0.7343173431734318
1502855,1,0.42441860465116277
1502939,1,0.6941176470588235
1503002,1,0.5337837837837838
1503044,1,0.6710526315789473
1503754,1,0.2620320855614973
1503804,1,0.3771551724137931
1504059,1,0.4713896457765668
1504406,2,0.4497354497354497
1504703,1,0.3420026007802341
1504802,1,0.4685792349726776
1505007,2,0.5083333333333333
1505205,1,0.3136729222520107
1505304,1,0.31607629427792916
1505437,1,0.5341176470588235
1505601,2,0.8428571428571429
1505635,1,0.5686274509803921
1505700,1,0.5844594594594594
1506005,1,0.4446902654867257
1506187,2,0.699468085106383
1506195,1,0.546875
1506203,2,0.5085714285714286
1506559,1,0.4050632911392405
1506708,1,0.5882352941176471
1507003,2,0.31722054380664655
1507102,1,0.6928571428571428
1507201,1,0.32608695652173914
1507458,2,0.526984126984127
1507474,1,0.40540540540540543
1507755,1,0.7023809523809523
1508084,4,0.48822269807280516
1508126,1,0.6206896551724138
1508407,4,0.49248747913188645
1600204,1,0.39325842696629215
1600253,1,0.41904761904761906
1600279,1,0.4007421150278293
1600501,1,0.21354166666666666
1600535,1,0.685459940652819
1600550,1,0.2916666666666667
1600600,1,0.5318899941486249
1600808,1,0.3588235294117647
1700301,2,0.4025974025974026
1700350,4,0.7538461538461538
1702158,2,0.38095238095238093
1703008,2,0.19117647058823528
1703107,2,0.5
1703206,2,0.5892857142857143
1703701,5,0.49206349206349204
1705508,4,0.5588235294117647
1705557,4,0.5636363636363636
1706001,1,0.4864864864864865
1706506,2,0.45121951219512196
1707652,4,0.5161290322580645
1708304,2,0.3902439024390244
1709005,1,0.3858267716535433
1712454,2,0.48936170212765956
1712504,4,0.3620689655172414
1713304,5,0.6363636363636364
1714203,2,0.4423076923076923
1714880,2,0.42073170731707316
1716208,2,0.6833333333333333
1717008,2,0.3392857142857143
1718402,4,0.5777777777777777
1718865,1,0.3142857142857143
1719004,2,0.2857142857142857
1720002,2,0.5714285714285714
1720101,2,0.5263157894736842
1720200,1,0.3696969696969697
1720655,4,0.36
1720903,2,0.42196531791907516
1721000,4,0.5745614035087719
1721109,1,0.5098039215686274
2100154,1,0.6554621848739496
2100204,2,0.7090909090909091
2100303,1,0.45754716981132076
2100501,2,0.5256410256410257
2100808,1,0.3394495412844037
2101103,1,0.7132867132867133
2101905,2,0.6103896103896104
2102002,1,0.6867469879518072
2102101,1,0.5808823529411765
2102150,1,0.4946236559139785
2102200,1,0.2908366533864542
2102408,1,0.6323529411764706
2102507,1,0.3194444444444444
2102903,1,0.6215277777777778
2103000,2,0.554519368723099
2103208,1,0.41751824817518246
2103604,1,0.5587703435804702
2103703,2,0.6702898550724637
2103901,1,0.8165680473372781
2104081,1,0.7945205479452054
2104107,1,0.788659793814433
2104503,1,0.7849462365591398
2104701,2,0.75
2105427,2,0.6031746031746031
2105500,2,0.563265306122449
2105708,1,0.7975609756097561
2105807,1,0.9705882352941176
2105963,1,0.9716981132075472
2106300,2,0.8194444444444444
2106326,1,0.4158730158730159
2106607,1,0.3420074349442379
2106755,1,0.5111111111111111
2106904,1,0.35918367346938773
2107357,1,0.6341463414634146
2107704,1,0.7471264367816092
2107803,1,0.5527950310559007
2108454,1,0.6990291262135923
2108504,1,0.5037593984962406
2109007,4,0.7410071942446043
2109106,2,0.44988344988344986
2109205,1,0.5853658536585366
2109239,1,0.75
2109403,1,0.6966292134831461
2109809,1,0.725
2110005,1,0.5951008645533141
2110039,1,0.8600823045267489
2110237,1,0.5333333333333333
2110401,1,0.3825136612021858
2111409,1,0.696969696969697
2111573,2,0.5972222222222222
2111607,2,0.8464566929133859
2111631,1,0.5531914893617021
2111805,2,0.54
2112407,1,0.6496598639455783
2112506,1,0.5792778649921507
2200053,2,0.819672131147541
2200103,2,0.6031746031746031
2200202,2,0.9197860962566845
2200251,2,0.7457627118644068
2200301,2,0.8214285714285714
2201101,1,0.45081967213114754
2201176,2,0.9318181818181818
2201606,2,0.6846846846846847
2201919,2,0.7567567567567568
2202133,2,0.9583333333333334
2202554,2,0.5892857142857143
2202737,2,0.9452054794520548
2202752,2,0.890625
2203230,2,0.9230769230769231
2203255,1,0.2682926829268293
2203354,2,0.11363636363636363
2203701,1,0.7294685990338164
2203909,4,0.5361216730038023
2204105,2,0.3225806451612903
2204501,2,0.6796875
2204659,1,0.33783783783783783
2204709,2,0.6721311475409836
2204808,2,0.9583333333333334
2204907,2,0.34444444444444444
2205151,2,0.8431372549019608
2205359,2,0.967741935483871
2205409,2,0.8128342245989305
2205508,2,0.43015521064301554
2205540,2,0.8823529411764706
2205557,1,0.5851063829787234
2205565,2,0.5925925925925926
2206050,2,0.6046511627906976
2206100,1,0.5225225225225225
2206704,2,0.3958333333333333
2207405,1,0.7222222222222222
2207553,2,0.5
2207702,2,0.38738127544097695
2207751,1,0.6428571428571429
2207850,2,0.9
2207959,2,0.49206349206349204
2208007,5,0.5511363636363636
2208106,2,0.6176470588235294
2209203,1,0.62
2209302,2,0.5588235294117647
2209377,2,0.5227272727272727
2209708,2,0.6461538461538462
2209872,2,0.4444444444444444
2210102,2,0.75
2210508,1,0.671875
2210631,2,0.7692307692307693
2210938,2,0.5645161290322581
2210953,2,0.6511627906976745
2300150,2,0.8095238095238095
2300309,2,0.6438356164383562
2300507,2,0.9904761904761905
2301208,2,0.9085173501577287
2301505,2,0.76
2301802,2,0.9166666666666666
2301901,4,0.8794326241134752
2302206,2,0.8165680473372781
2302602,2,0.9409395973154362
2303006,2,0.9872611464968153
2303402,2,0.8407079646017699
2304103,2,0.9718100890207715
2304202,4,0.9537190082644628
2304236,2,0.9914163090128756
2304285,4,0.9388830347734457
2304301,2,0.96
2305100,2,0.958904109589041
2305332,2,0.9662921348314607
2305506,4,0.6342780026990553
2305902,2,0.9953810623556582
2306504,2,0.9252873563218391
2306900,2,0.8925373134328358
2307601,4,0.8969465648854962
2308906,2,0.9776951672862454
2309102,2,0.8888888888888888
2309508,2,0.9107142857142857
2309607,4,0.8785607196401799
2310308,2,0.8828125
2310951,2,1.0
2311108,2,0.9206349206349206
2311231,2,0.9746835443037974
2311355,2,0.8831168831168831
2311702,2,0.9849246231155779
2311801,4,0.944954128440367
2311959,2,0.9841897233201581
2312007,2,0.9825783972125436
2312106,2,0.9651162790697675
2312502,5,0.9636363636363636
2312601,2,0.6576576576576577
2312809,2,0.9911504424778761
2313104,2,0.841897233201581
2313252,2,0.9175257731958762
2313302,2,0.920303605313093
2313401,2,0.8600182982616651
2313609,2,0.9512195121951219
2313807,2,0.8214285714285714
2313955,2,0.9804878048780488
2401206,1,0.31543624161073824
2401404,2,0.35135135135135137
2401453,1,0.4426229508196721
2402204,1,0.31715210355987056
2402402,4,0.29310344827586204
2402808,2,0.325
2403202,2,0.5227272727272727
2403251,4,0.36390977443609024
2403301,2,0.6666666666666666
2403400,2,0.5957446808510638
2405009,2,0.43037974683544306
2405207,2,0.37209302325581395
2405603,2,0.5670103092783505
2406106,2,0.4642857142857143
2406205,1,0.28888888888888886
2406304,1,0.30612244897959184
2407708,1,0.44166666666666665
2409100,2,0.43434343434343436
2409506,1,0.45
2410405,1,0.3333333333333333
2411403,2,0.5932203389830508
2411601,2,0.32142857142857145
2412302,2,0.5108695652173914
2412401,4,0.5555555555555556
2412609,2,0.35964912280701755
2412807,2,0.2926829268292683
2412906,2,0.49206349206349204
2413607,2,0.4794520547945205
2413706,2,0.48717948717948717
2413904,1,0.34408602150537637
2414159,2,0.38461538461538464
2414456,2,0.10810810810810811
2414506,2,0.4666666666666667
2414803,1,0.44696969696969696
2500502,2,0.524822695035461
2500700,2,0.7345132743362832
2501302,2,0.4433497536945813
2501906,2,0.35353535353535354
2502052,2,0.9428571428571428
2502409,2,0.6024096385542169
2502508,1,0.3684210526315789
2503209,4,0.5752212389380531
2503555,1,0.47619047619047616
2504157,2,0.5862068965517241
2505006,1,0.9767441860465116
2505238,1,0.23076923076923078
2505709,1,0.9620253164556962
2506004,1,0.6442687747035574
2506905,2,0.5379746835443038
2507309,1,0.5221238938053098
2507507,4,0.5581053791077657
2507606,2,0.34
2507705,1,0.46
2508802,2,0.4915254237288136
2509396,1,0.6071428571428571
2509800,2,0.654320987654321
2509909,1,0.4864864864864865
2510907,2,0.4027777777777778
2511806,2,0.423728813559322
2511905,1,0.5054945054945055
2512077,5,0.5853658536585366
2512507,2,0.928698752228164
2513208,2,0.8666666666666667
2513307,2,0.9649122807017544
2513604,2,0.5263157894736842
2513802,2,0.42857142857142855
2513984,2,0.9743589743589743
2514008,2,0.6097560975609756
2514404,2,0.44680851063829785
2514453,1,0.26785714285714285
2514909,2,0.48333333333333334
2515104,1,0.5675675675675675
2515500,2,0.53
2516003,2,0.45989304812834225
2516102,2,0.46846846846846846
2516300,2,0.6439393939393939
2516409,2,0.7777777777777778
2516508,2,0.9105691056910569
2600054,4,0.46121883656509693
2600609,2,0.5380116959064327
2600807,2,0.6846846846846847
2601805,1,0.7717391304347826
2601904,2,0.5660847880299252
2602209,2,0.6936026936026936
2602704,1,0.8548387096774194
2602803,1,0.5551181102362205
2603108,2,0.6368715083798883
2603405,2,0.8674698795180723
2603504,2,0.6863905325443787
2603702,1,0.6548672566371682
2603801,2,0.6966824644549763
2604007,4,0.5929824561403508
2604601,1,0.43349753694581283
2604700,1,0.7230769230769231
2604908,2,0.9506172839506173
2605103,2,0.8469945355191257
2605152,2,0.834319526627219
2605202,2,0.3078817733990148
2605400,2,0.8356164383561644
2605509,2,0.4146341463414634
2605905,1,0.7716049382716049
2606002,4,0.6971830985915493
2606606,1,0.6319702602230484
2607208,2,0.6447467876039304
2607752,2,0.8284671532846716
2607802,2,0.5769230769230769
2607950,1,0.8169014084507042
2608107,2,0.757396449704142
2608404,2,0.6064516129032258
2608453,2,0.5971223021582733
2608503,2,0.793939393939394
2609154,1,0.5287356321839081
2609204,1,0.580952380952381
2609501,2,0.5701357466063348
2609600,4,0.6248159057437408
2609907,1,0.3137254901960784
2610202,2,0.9451476793248945
2610400,2,0.5942857142857143
2610707,4,0.5495098039215687
2611533,2,0.8699186991869918
2611705,2,0.6818181818181818
2612000,2,0.810126582278481
2612307,2,0.7865853658536586
2612703,2,0.7222222222222222
2612901,1,0.7183098591549296
2613206,1,0.5423728813559322
2613305,1,0.721030042918455
2613404,1,0.38934426229508196
2614006,2,0.6019900497512438
2614501,2,0.5944055944055944
2614600,2,0.6912751677852349
2614857,1,0.5658914728682171
2615003,2,0.5957446808510638
2615102,1,0.76
2615201,2,0.7130434782608696
2615409,1,0.6423357664233577
2616308,2,0.6816143497757847
2616506,2,0.8125
2701100,1,0.7966101694915254
2701704,2,0.42786069651741293
2701902,1,0.5178571428571429
2702108,1,0.7336956521739131
2702355,1,0.6796116504854369
2703007,1,0.5443037974683544
2703403,2,0.5466666666666666
2703700,2,0.4032258064516129
2704807,2,0.4148936170212766
2705804,1,0.3597122302158273
2706448,1,0.3577586206896552
2706505,1,0.32558139534883723
2707909,1,0.38235294117647056
2708006,2,0.442495126705653
2708204,2,0.7096774193548387
2708808,2,0.4226190476190476
2708956,1,0.5723270440251572
2709004,2,0.5333333333333333
2709103,2,0.39330543933054396
2709202,1,0.475
2800407,2,0.28703703703703703
2800605,2,0.2805755395683453
2801405,1,0.34959349593495936
2802304,1,0.37362637362637363
2802403,2,0.3723404255319149
2802809,2,0.3446808510638298
2803302,2,0.5808383233532934
2803807,2,0.373134328358209
2804102,2,0.5777777777777777
2804458,2,0.5869565217391305
2804706,2,0.5833333333333334
2804904,1,0.3018867924528302
2805307,2,0.39
2805505,2,0.4117647058823529
2805604,2,0.17543859649122806
2807402,2,0.4650602409638554
2901007,2,0.5100401606425703
2901155,1,0.4322916666666667
2901908,2,0.16521739130434782
2901957,2,0.43243243243243246
2902252,1,0.13114754098360656
2902401,1,0.3360655737704918
2902500,2,0.3591549295774648
2902807,2,0.4716981132075472
2903235,2,0.2975206611570248
2903953,2,0.24444444444444444
2904001,2,0.4895833333333333
2904050,2,0.34
2904209,2,0.47368421052631576
2904407,2,0.40425531914893614
2904704,2,0.2857142857142857
2904852,2,0.3277310924369748
2904902,2,0.3305785123966942
2905008,5,0.47959183673469385
2905206,2,0.3901869158878505
2905404,1,0.32867132867132864
2905701,4,0.36559561128526646
2905909,1,0.2804232804232804
2906600,2,0.4166666666666667
2906808,2,0.2319277108433735
2906824,2,0.30128205128205127
2906873,2,0.29338842975206614
2907103,2,0.31962025316455694
2907558,2,0.5084745762711864
2907806,2,0.36538461538461536
2908002,2,0.391304347826087
2908507,4,0.375
2909208,2,0.36036036036036034
2909307,2,0.26635514018691586
2909505,2,0.34545454545454546
2909802,2,0.33564814814814814
2910008,2,0.4107142857142857
2911006,2,0.41025641025641024
2911105,2,0.28205128205128205
2911303,2,0.5432098765432098
2912004,5,0.6119402985074627
2912301,2,0.5
2912806,2,0.3783783783783784
2913101,2,0.28
2913200,2,0.328719723183391
2913804,2,0.46511627906976744
2914307,2,0.36363636363636365
2915205,2,0.4421052631578947
2915502,2,0.3409090909090909
2916807,2,0.4107142857142857
2916906,2,0.3
2917904,1,0.36082474226804123
2918308,2,0.40816326530612246
2918407,4,0.29310344827586204
2918506,2,0.4344262295081967
2918803,2,0.45454545454545453
2919157,2,0.25249169435215946
2919801,2,0.315018315018315
2919959,2,0.47368421052631576
2920502,2,0.43575418994413406
2920601,2,0.5449101796407185
2921054,2,0.4251968503937008
2921203,2,0.3695652173913043
2921500,1,0.2749003984063745
2921906,2,0.38823529411764707
2922250,2,0.22033898305084745
2922805,2,0.3465346534653465
2923100,2,0.21287128712871287
2923209,2,0.39285714285714285
2923704,2,0.2446351931330472
2924108,2,0.13333333333333333
2924405,1,0.22506393861892582
2924801,2,0.4057971014492754
2925501,2,0.3273657289002558
2925709,2,0.3177570093457944
2925808,2,0.30319148936170215
2925907,1,0.3484848484848485
2925956,2,0.3352601156069364
2926301,2,0.38372093023255816
2926905,2,0.15625
2927309,2,0.4577114427860697
2927606,2,0.2838709677419355
2928000,2,0.2914572864321608
2928208,2,0.3869565217391304
2928307,2,0.22950819672131148
2929008,2,0.3132530120481928
2929206,2,0.2573099415204678
2929602,2,0.6504065040650406
2929909,2,0.3497536945812808
2930105,2,0.2402464065708419
2931004,2,0.4742268041237113
2931350,4,0.35040234089246525
2931707,2,0.28421052631578947
2932002,2,0.4027777777777778
2932101,2,0.3893129770992366
2932309,2,0.41904761904761906
2933406,1,0.45
2933505,1,0.3116883116883117
3100203,5,0.7891891891891892
3100807,5,0.8913043478260869
3101003,2,0.7479674796747967
3101102,5,0.6293103448275862
3101508,5,0.5598455598455598
3101607,4,0.7304747320061256
3101631,5,0.782608695652174
3101805,5,0.7096774193548387
3101904,5,0.7870967741935484
3103504,4,0.6579457364341085
3103900,5,0.9032258064516129
3105202,5,0.775
3105608,5,0.8383720930232558
3106408,5,0.9743589743589743
3106705,4,0.6728088825891803
3107802,2,0.7762237762237763
3108107,5,0.8709677419354839
3108206,5,0.6851851851851852
3108404,4,0.8472222222222222
3108800,5,0.6129032258064516
3109006,4,0.8756345177664975
3109105,5,0.8279569892473119
3109303,5,0.6327868852459017
3110301,5,0.7355371900826446
3110509,4,0.5951557093425606
3111150,2,0.7297297297297297
3111507,5,0.6709677419354839
3112059,2,0.6666666666666666
3112109,2,0.6818181818181818
3112406,5,0.7910447761194029
3114402,5,0.6871165644171779
3114501,5,0.8165680473372781
3115102,5,0.7764705882352941
3115706,5,0.7272727272727273
3115805,5,0.9166666666666666
3116704,5,0.8311688311688312
3117009,2,0.6808510638297872
3117207,5,0.7666666666666667
3118205,5,0.6533333333333333
3118304,4,0.835236541598695
3118601,4,0.7061508367746142
3118809,2,0.7925531914893617
3120151,2,0.49206349206349204
3120508,5,0.8203125
3121209,4,0.6818181818181818
3121258,4,0.4727272727272727
3121704,5,0.7714285714285715
3121803,5,0.7213114754098361
3121902,4,0.75
3122009,2,0.6827956989247311
3122355,2,0.6363636363636364
3123106,5,0.7254901960784313
3123528,2,0.7183098591549296
3123700,5,0.6352941176470588
3123809,2,0.7634408602150538
3124005,5,0.8543046357615894
3124203,3,0.5961538461538461
3124401,5,0.6666666666666666
3125408,2,0.7945205479452054
3125903,2,0.8823529411764706
3126000,5,0.8589743589743589
3126752,2,0.717391304347826
3127057,2,0.6818181818181818
3127073,2,0.675
3127206,5,0.6851851851851852
3127305,4,0.6323529411764706
3127339,2,0.6530612244897959
3127370,5,0.9142857142857143
3127388,5,0.8064516129032258
3127404,5,0.7708333333333334
3128253,2,0.8076923076923077
3129509,5,0.7794117647058824
3129707,5,0.7696969696969697
3130309,5,0.9393939393939394
3130507,4,0.6573426573426573
3131109,5,0.7763157894736842
3131158,4,0.7947368421052632
3131208,4,0.770949720670391
3131307,4,0.7622993267736924
3131604,5,0.7792207792207793
3131703,5,0.6976744186046512
3131802,5,0.8333333333333334
3132107,2,0.696969696969697
3132602,5,0.7368421052631579
3134004,2,0.5833333333333334
3134202,4,0.6387024608501118
3134301,5,0.8269230769230769
3134707,2,0.5596330275229358
3134905,5,0.7950819672131147
3135050,2,0.6007462686567164
3135308,5,0.8113207547169812
3135407,5,0.8857142857142857
3135456,2,0.5909090909090909
3135803,2,0.6162790697674418
3136504,2,0.5581395348837209
3137304,2,0.7
3137502,5,0.8241206030150754
3137601,4,0.7322097378277154
3138401,5,0.6575
3138625,4,0.5966386554621849
3139409,5,0.7639751552795031
3139508,5,0.6956521739130435
3140100,2,0.5471698113207547
3140308,5,0.7096774193548387
3140530,2,0.8387096774193549
3140852,1,0.3125
3140902,2,0.8097165991902834
3141405,2,0.6443298969072165
3141900,5,0.7714285714285715
3142007,2,0.5416666666666666
3142205,5,0.7872340425531915
3142304,5,0.9056603773584906
3142403,4,0.8222222222222222
3142502,5,0.9333333333333333
3142601,5,0.7865168539325843
3143500,5,0.6447368421052632
3143807,5,0.8241758241758241
3144003,5,0.8
3144375,4,0.6458333333333334
3145851,4,0.825
3145877,2,0.7540983606557377
3146107,5,0.7462932454695222
3146503,5,0.8714285714285714
3146552,2,0.7678571428571429
3146750,2,0.7
3147006,5,0.6919032597266036
3147204,5,0.6902173913043478
3148202,5,0.8148148148148148
3149606,5,0.8070175438596491
3150158,2,0.7375886524822695
3151008,5,0.8514851485148515
3151305,5,0.859504132231405
3151800,5,0.7851387645478961
3152006,4,0.6643835616438356
3152204,2,0.7215568862275449
3152501,4,0.6892797319932998
3152907,5,0.7764705882352941
3154101,5,0.6052631578947368
3154150,5,0.8586956521739131
3154903,5,0.6293103448275862
3155108,2,0.7636363636363637
3155306,5,0.9795918367346939
3156700,4,0.7256317689530686
3157203,5,0.6655948553054662
3157302,5,0.9111111111111111
3158003,4,0.7766990291262136
3158201,2,0.8389830508474576
3158508,5,0.6486486486486487
3158805,5,0.8666666666666667
3158953,4,0.7012195121951219
3160108,5,0.9423076923076923
3160306,2,0.6534653465346535
3160702,4,0.7254901960784313
3160959,5,0.9361702127659575
3161205,5,0.90625
3161502,5,0.8773584905660378
3161908,5,0.9146341463414634
3162203,5,0.8409090909090909
3162252,2,0.7843137254901961
3162401,2,0.632768361581921
3162500,5,0.7740112994350282
3162609,5,0.6842105263157895
3162948,5,0.7252747252747253
3162955,4,0.7530487804878049
3164209,2,0.7790697674418605
3164472,2,0.821917808219178
3164506,2,0.813953488372093
3164605,5,0.7692307692307693
3165206,5,0.9014084507042254
3165537,4,0.8252631578947368
3166303,2,0.8461538461538461
3167905,5,0.75
3168002,4,0.8578947368421053
3168309,5,0.9433962264150944
3169000,5,0.7105263157894737
3169109,4,0.8899082568807339
3169703,5,0.8225806451612904
3169802,5,0.6714285714285714
3169901,5,0.7861557478368356
3170107,4,0.6154653603918825
3170479,5,0.8
3170503,5,0.8125
3170529,2,0.6736842105263158
3170651,2,0.8979591836734694
3170701,4,0.7215189873417721
3171006,5,0.6551724137931034
3171709,5,0.7380952380952381
3200169,2,0.8157894736842105
3200359,5,0.8369565217391305
3200508,5,0.6285714285714286
3201100,4,0.6666666666666666
3201605,5,0.6792929292929293
3201704,5,0.8421052631578947
3202306,4,0.7674418604651163
3202454,4,0.8216374269005848
3202652,4,0.8169014084507042
3203056,4,0.8078703703703703
3203403,5,0.6548223350253807
3204054,5,0.8178913738019169
3204500,4,0.7373737373737373
3204609,4,0.825531914893617
3204658,5,0.8541666666666666
3204807,5,0.6237623762376238
3204955,5,0.8932038834951457
3205010,4,0.7122969837587007
3205101,4,0.6907407407407408
3205200,4,0.6838009903324688
3300209,5,0.5598194130925508
3300951,4,0.67
3301009,4,0.39580171977744055
3301108,5,0.5308641975308642
3301157,5,0.3619631901840491
3301306,4,0.588
3301504,4,0.648936170212766
3302270,2,0.36589861751152075
3302304,5,0.484375
3302502,4,0.46783428763893564
3302700,4,0.5976361767728674
3303203,4,0.4735605170387779
3303302,4,0.5124947056332063
3303401,5,0.6897001303780965
3303856,4,0.7534246575342466
3304102,5,0.5284552845528455
3304201,4,0.7273652085452695
3304300,5,0.571969696969697
3304409,5,0.6530612244897959
3304524,4,0.6889589905362776
3304557,4,0.6428785330906913
3305406,5,0.6717171717171717
3305505,4,0.6256323777403036
3306107,5,0.5571030640668524
3500709,4,0.6515151515151515
3501152,5,0.5396825396825397
3501301,4,0.7246963562753036
3501707,4,0.7075208913649025
3501905,4,0.6257796257796258
3502408,5,0.575
3502804,4,0.7417173766058147
3503307,4,0.6529242569511026
3504107,4,0.6535061873895109
3505005,4,0.65
3505104,4,0.6486486486486487
3505203,4,0.7297297297297297
3505906,4,0.5894736842105263
3506003,4,0.5997846374730796
3506102,4,0.5537918871252204
3506300,5,0.4782608695652174
3506409,4,0.75
3507100,4,0.5376712328767124
3507159,4,0.5555555555555556
3507308,4,0.6666666666666666
3507407,5,0.8559322033898306
3507704,4,0.7407407407407407
3508108,4,0.6770186335403726
3508306,5,0.7755102040816326
3508405,4,0.6452095808383234
3508603,5,0.4148471615720524
3508702,5,0.7073170731707317
3509007,4,0.5248780487804878
3509452,4,0.4307692307692308
3509700,4,0.5701357466063348
3510005,5,0.6791044776119403
3510153,4,0.7931034482758621
3510302,4,0.4753521126760563
3510807,5,0.6221198156682027
3511102,4,0.7058029689608637
3511607,4,0.5113636363636364
3511904,4,0.5454545454545454
3512209,4,0.5548961424332344
3512803,4,0.5954631379962193
3512902,4,0.5588235294117647
3513504,4,0.45105215004574567
3513702,4,0.8068669527896996
3514106,4,0.5742971887550201
3514403,5,0.6269113149847095
3514502,5,0.7727272727272727
3514601,4,0.6436781609195402
3514809,4,0.7529411764705882
3515202,5,0.5949367088607594
3516309,4,0.5097222222222222
3516408,4,0.4838169642857143
3516853,5,0.7377049180327869
3517208,4,0.6031746031746031
3517604,5,0.6041666666666666
3518404,4,0.5597345132743363
3519303,4,0.6928934010152284
3519600,4,0.49510763209393344
3520103,4,0.5598086124401914
3520442,5,0.8038277511961722
3521002,4,0.4421052631578947
3521309,4,0.6433566433566433
3522109,4,0.48412083656080557
3522901,4,0.5306122448979592
3523206,4,0.5329218106995884
3523701,4,0.8125
3524105,5,0.5017543859649123
3524303,4,0.5835189309576837
3524402,4,0.5192965315095261
3524709,4,0.7032967032967034
3525706,4,0.59375
3526605,5,0.4578313253012048
3526803,4,0.6359143327841845
3526902,4,0.6321649484536083
3527009,4,0.6103896103896104
3527207,4,0.4801829268292683
3527405,5,0.6842105263157895
3528007,5,0.6263736263736264
3528304,5,0.9393939393939394
3528809,5,0.9090909090909091
3529203,5,0.6321243523316062
3529500,5,0.7846153846153846
3529609,5,0.6739130434782609
3529708,4,0.3096774193548387
3529906,4,0.6478260869565218
3530706,4,0.6365655070318282
3530904,5,0.75
3531407,4,0.6818181818181818
3532157,5,0.375
3532702,4,0.8070175438596491
3532827,4,0.6146788990825688
3533205,5,0.8888888888888888
3533502,4,0.7535014005602241
3535606,5,0.5846994535519126
3535804,5,0.4339622641509434
3536505,4,0.6192307692307693
3536703,4,0.465
3536802,5,0.4878048780487805
3537008,5,0.5176470588235295
3537156,5,0.6774193548387096
3537404,5,0.8390243902439024
3537503,5,0.673469387755102
3538105,5,0.6283185840707964
3538501,5,0.7011494252873564
3538600,5,0.5740072202166066
3538808,5,0.7153024911032029
3539400,5,0.4411764705882353
3539509,5,0.672566371681416
3540002,5,0.6058823529411764
3540408,5,0.8
3540705,4,0.5043478260869565
3540754,4,0.4720812182741117
3541059,5,0.573170731707317
3541653,5,0.6610169491525424
3542305,4,0.8431372549019608
3543105,4,0.7457627118644068
3543204,5,0.5869565217391305
3543907,4,0.5449029126213593
3544905,5,0.49473684210526314
3545100,4,0.6296296296296297
3545704,4,0.5846153846153846
3546603,4,0.5414201183431953
3546900,5,0.7096774193548387
3547809,4,0.6096316023080337
3548054,5,0.632183908045977
3548609,4,0.5866666666666667
3548906,4,0.62548828125
3549102,4,0.6172248803827751
3549508,5,0.5061728395061729
3550605,4,0.5158620689655172
3551009,4,0.4868766404199475
3551306,5,0.7647058823529411
3551405,5,0.46153846153846156
3551801,4,0.5244755244755245
3551900,4,0.6086956521739131
3552007,5,0.4714285714285714
3552106,4,0.611336032388664
3552205,4,0.5509946321439848
3552403,4,0.5810510732790526
3552908,4,0.6710526315789473
3553104,4,0.391304347826087
3553203,5,0.5737704918032787
3553500,4,0.5728155339805825
3554003,4,0.5396440129449838
3555000,5,0.5522388059701493
3555356,4,0.7391304347826086
3555505,4,0.5606060606060606
3555604,5,0.8775510204081632
3556206,4,0.48492159227985526
3556404,4,0.6189189189189189
3556453,4,0.6440366972477064
3556503,4,0.531986531986532
3556909,4,0.5287356321839081
3557303,4,0.5238095238095238
4100103,4,0.6052631578947368
4100707,5,0.648
4101408,4,0.7875734676742233
4101705,5,0.7745664739884393
4101903,5,0.80625
4102000,5,0.806615776081425
4102406,5,0.7284768211920529
4103008,5,0.9259259259259259
4103040,5,0.59375
4103057,5,0.5333333333333333
4103370,5,0.7777777777777778
4103404,5,0.6363636363636364
4103701,4,0.7705357142857143
4103909,4,0.7797356828193832
4103958,4,0.8461538461538461
4104055,5,0.7872340425531915
4104253,4,0.5797101449275363
4104402,5,0.8562091503267973
4104600,5,0.7832512315270936
4104709,4,0.6666666666666666
4104907,4,0.746384872080089
4105409,4,0.7112068965517241
4105904,5,0.7843137254901961
4106456,5,0.6282051282051282
4106506,4,0.7475083056478405
4106555,5,0.8793103448275862
4106605,4,0.7344398340248963
4106704,4,0.7142857142857143
4106852,5,0.9444444444444444
4107124,2,0.8333333333333334
4107157,5,0.7432432432432432
4107405,5,0.8636363636363636
4107652,4,0.6481195260175168
4107751,5,0.7717391304347826
4107900,4,0.7425149700598802
4108403,4,0.7617675312199808
4108452,5,0.7804878048780488
4108650,2,0.9047619047619048
4109906,5,0.5238095238095238
4111001,5,0.8
4111308,4,0.4
4111506,5,0.7237354085603113
4111555,5,0.7710843373493976
4112009,4,0.7931818181818182
4112405,5,0.8111111111111111
4112702,5,0.6136363636363636
4112801,5,0.8545454545454545
4113403,5,0.8974358974358975
4113700,4,0.7356514453288647
4114104,4,0.6242603550295858
4114203,4,0.8170731707317073
4114351,5,0.7096774193548387
4114401,5,0.6686746987951807
4114609,4,0.7647951441578149
4114906,5,0.8518518518518519
4115002,4,0.7558139534883721
4116109,5,0.7830188679245284
4116901,4,0.7478260869565218
4117214,5,0.7962962962962963
4117297,5,0.9714285714285714
4117800,5,0.6946564885496184
4118709,5,0.8433734939759037
4118857,5,0.7
4119251,5,0.9705882352941176
4119608,5,0.7342857142857143
4119707,5,0.8
4120200,4,0.7192982456140351
4120606,5,0.8251028806584362
4120705,5,0.9042553191489362
4121307,5,0.8571428571428571
4121703,4,0.8106312292358804
4121802,4,0.8601398601398601
4122156,5,0.7434782608695653
4122206,4,0.6173120728929385
4122800,5,0.9310344827586207
4123006,4,0.7738095238095238
4123204,5,0.8
4123709,5,0.7476635514018691
4123824,5,0.8571428571428571
4124806,5,0.8731343283582089
4125407,4,0.7611940298507462
4125704,5,0.781437125748503
4126009,5,0.8823529411764706
4126207,5,0.8314606741573034
4126504,4,0.6090225563909775
4126801,4,0.610738255033557
4127601,5,0.6859504132231405
4128534,5,0.7692307692307693
4128609,4,0.6770833333333334
4128625,5,0.7045454545454546
4200309,4,0.7169811320754716
4200408,5,0.7066666666666667
4200705,5,0.4824561403508772
4201257,5,0.7096774193548387
4201505,4,0.7950819672131147
4201901,5,0.765625
4201950,4,0.5126050420168067
4202081,5,0.5555555555555556
4202206,4,0.7024793388429752
4202438,5,0.2765957446808511
4202909,4,0.6620689655172414
4203154,2,0.5866666666666667
4203709,4,0.43037974683544306
4203808,4,0.7810858143607706
4203907,5,0.6996466431095406
4204103,5,0.5869565217391305
4204202,4,0.592168452161064
4204905,5,0.6617647058823529
4205159,5,0.7894736842105263
4205175,2,0.65625
4205704,4,0.7543859649122807
4205803,4,0.6739130434782609
4206108,5,0.7051282051282052
4206207,5,0.6578947368421053
4206702,4,0.6266666666666667
4207205,5,0.45045045045045046
4207577,5,0.9696969696969697
4207650,5,0.896551724137931
4207684,5,0.7796610169491526
4207908,4,0.7984496124031008
4208500,5,0.7248322147651006
4208609,5,0.775
4208807,5,0.5960264900662252
4209607,5,0.6975308641975309
4210605,4,0.7660550458715596
4211108,5,0.5462962962962963
4211306,4,0.5286236297198539
4211504,5,0.5462962962962963
4211603,4,0.743421052631579
4211801,5,0.8305084745762712
4212239,5,0.8387096774193549
4212700,4,0.6710526315789473
4213153,4,0.90625
4213203,4,0.702247191011236
4213500,4,0.6274509803921569
4213708,5,0.6285714285714286
4213807,5,0.7181818181818181
4215307,4,0.6818181818181818
4215604,5,0.8648648648648649
4216107,4,0.7922077922077922
4216305,4,0.6967509025270758
4216800,5,0.5945945945945946
4217303,4,0.8285714285714286
4217402,4,0.7452471482889734
4217808,4,0.7159090909090909
4218202,4,0.7540603248259861
4218251,5,0.4444444444444444
4218905,5,0.7610619469026548
4218954,5,0.3488372093023256
4219002,5,0.7083333333333334
4219101,4,0.525
4219507,4,0.7070484581497798
4300109,5,0.5740740740740741
4300406,5,0.45109780439121755
4300901,5,0.4
4301800,5,0.5581395348837209
4301875,5,0.265625
4302352,5,0.5029239766081871
4303004,5,0.4031620553359684
4303806,5,0.6458333333333334
4304002,5,0.4642857142857143
4304309,5,0.5660377358490566
4304358,5,0.3854166666666667
4304663,5,0.3112033195020747
4304705,4,0.46617915904936014
4304903,5,0.7738095238095238
4305108,4,0.4375
4305124,5,0.3902439024390244
4305173,5,0.4268292682926829
4305355,5,0.5124223602484472
4305801,5,0.49523809523809526
4305900,5,0.44155844155844154
4306007,5,0.5689655172413793
4306056,5,0.6307692307692307
4306304,5,0.6097560975609756
4306502,5,0.44761904761904764
4307005,4,0.4682454251883746
4308003,5,0.8285714285714286
4309407,4,0.49583333333333335
4309803,5,0.6
4310439,5,0.6078431372549019
4311205,5,0.4166666666666667
4311304,5,0.5225563909774437
4311403,5,0.4829467939972715
4312252,5,0.5647058823529412
4312500,5,0.4076923076923077
4312708,4,0.4485294117647059
4312757,5,0.6470588235294118
4313060,5,0.45491803278688525
4313375,4,0.6470588235294118
4313490,5,0.37142857142857144
4313805,5,0.7191011235955056
4313904,5,0.5497076023391813
4314001,4,0.6530612244897959
4314035,5,0.5416666666666666
4314050,4,0.37898089171974525
4314159,5,0.4666666666666667
4314209,5,0.35294117647058826
4314472,5,0.43902439024390244
4315909,5,0.5362318840579711
4316204,5,0.75
4316451,5,0.5866666666666667
4316600,5,0.5375
4316709,5,0.42857142857142855
4316758,5,0.46835443037974683
4317400,5,0.5994897959183674
4317707,5,0.5463917525773195
4318481,5,0.4375
4319505,5,0.44019138755980863
4319901,4,0.4467312348668281
4320263,5,0.7647058823529411
4320859,5,0.22033898305084745
4320909,4,0.46808510638297873
4321105,5,0.5227272727272727
4321303,5,0.26548672566371684
4321329,5,0.8292682926829268
4321469,5,0.696969696969697
4321667,5,0.5350877192982456
4321709,5,0.4225941422594142
4321857,5,0.6428571428571429
4322327,5,0.6153846153846154
4322509,5,0.41899441340782123
4322533,5,0.5652173913043478
4322608,5,0.6119096509240246
4323002,4,0.3781443298969072
4323101,5,0.7027027027027027
5000807,4,0.8
5001508,5,0.5234375
5001904,4,0.5264797507788161
5002209,4,0.5904522613065326
5002308,4,0.6132596685082873
5002902,5,0.5478260869565217
5003207,4,0.3848
5003256,4,0.5476718403547672
5003488,2,0.4019607843137255
5003751,4,0.5738636363636364
5004106,4,0.6580645161290323
5004809,1,0.4462809917355372
5005400,4,0.4722222222222222
5005681,4,0.4895397489539749
5005806,2,0.6174863387978142
5006200,4,0.6972477064220184
5006259,4,0.7848101265822784
5007208,4,0.5272407732864675
5007505,4,0.5
5007950,1,0.5668449197860963
5008305,4,0.8298653610771114
5008404,5,0.5434782608695652
5100250,4,0.7168949771689498
5101407,4,0.6266318537859008
5101902,4,0.6912442396313364
5102637,4,0.6713735558408216
5102694,4,0.7808219178082192
5103056,4,0.6619718309859155
5103205,4,0.6422976501305483
5103858,4,0.6
5104526,4,0.5973154362416108
5105002,5,0.7477477477477478
5105101,5,0.5974358974358974
5105507,2,0.475
5105606,4,0.5254237288135594
5106000,5,0.6567164179104478
5106109,2,0.8067226890756303
5106240,4,0.5821596244131455
5106257,4,0.4489795918367347
5106273,4,0.6938775510204082
5106299,5,0.7974683544303798
5106455,4,0.9016393442622951
5106505,2,0.38544474393531
5107248,4,0.9368421052631579
5107743,4,0.7380952380952381
5108055,4,0.6181818181818182
5108352,5,0.23809523809523808
5201405,4,0.6935217471095614
5202155,5,0.6881720430107527
5202502,4,0.9012345679012346
5202601,5,0.9375
5203559,4,0.8617886178861789
5204557,4,0.6086956521739131
5204656,5,0.8181818181818182
5204706,4,0.8194444444444444
5204953,4,0.8297872340425532
5205000,5,0.8586956521739131
5205109,4,0.768664563617245
5205901,5,0.8217821782178217
5206404,5,0.7899159663865546
5206503,5,0.7272727272727273
5206602,4,0.7272727272727273
5207600,5,1.0
5207907,2,0.6666666666666666
5208103,5,0.8666666666666667
5208400,4,0.6836158192090396
5208806,4,0.8070519098922625
5208905,5,0.875
5209408,4,0.6458333333333334
5209937,5,0.8695652173913043
5210109,4,0.7406015037593985
5210562,5,0.7763157894736842
5211206,4,0.8565891472868217
5211800,4,0.8434782608695652
5211909,4,0.7018308631211857
5212055,5,1.0
5213053,5,0.8
5213707,5,0.75
5214101,4,1.0
5214861,5,0.8775510204081632
5215702,4,0.8107344632768362
5216403,5,0.6824324324324325
5217104,5,0.7211538461538461
5217203,4,0.6974789915966386
5218508,4,0.8014705882352942
5218805,4,0.8980815347721822
5218904,4,0.8786407766990292
5219209,5,0.8571428571428571
5219506,5,1.0
5219704,4,0.958904109589041
5220504,4,0.6666666666666666
5221007,5,0.75
5221700,5,0.9772727272727273
5221858,4,0.6427889207258835
5222005,4,0.8954248366013072
5222203,4,0.7868852459016393
